entry_id	entry_status	error
DLP-xaimao_1-0109b	new	empty <definition> in sense DLP-xaimao_1-0109b-1
DLP-kirganelia_1-6575a	new	empty <definition> in sense DLP-kirganelia_1-6575a-1
DLP-catapultagem_1-42ee7.xml	validated	Entry ID with '.xml' at the end
DLP-kochia_1-b3656	new	empty <definition> in sense DLP-kochia_1-b3656-1
DLP-estorrina_1-63e6a.xml	new	Entry ID with '.xml' at the end
DLP-interespecifico_1-3f636.xml	new	Entry ID with '.xml' at the end
DLP-georreferenciar_1-58781	new	'[...]' <definition> in sense DLP-georreferenciar_1-58781-1
DLP-sincicial_1-47a75.xml	new	Entry ID with '.xml' at the end
DLP-mandala_1-24c17.xml	validated	Entry ID with '.xml' at the end
DLP-sangrante_1-3081a.xml	validated	Entry ID with '.xml' at the end
DLP-vasoativabilidade_1-20029	new	'[...]' <definition> in sense DLP-vasoativabilidade_1-20029-1
DLP-cata-sonhos_1-acc1b.xml	validated	Entry ID with '.xml' at the end
DLP-koelreuteria_1-40916	new	empty <definition> in sense DLP-koelreuteria_1-40916-1
DLP-pressionante_1-717d2.xml	validated	Entry ID with '.xml' at the end
DLP-afrocentrico_1-401bc.xml	new	Entry ID with '.xml' at the end
DLP-biogerontologia_1-8eb6a.xml	new	Entry ID with '.xml' at the end
DLP-alternativas_1-16941	new	'[...]' <definition> in sense DLP-alternativas_1-16941-1
DLP-oncocercose_1-e5422.xml	new	Entry ID with '.xml' at the end
DLP-taoista_1-9b082.xml	new	Entry ID with '.xml' at the end
DLP-sanjaco_1-3ea09.xml	new	Entry ID with '.xml' at the end
DLP-lobo-vermelho_1-10274.xml	validated	Entry ID with '.xml' at the end
DLP-lobo-etiope_1-17c0c.xml	new	Entry ID with '.xml' at the end
DLP-basquete_1-a2766.xml	new	Entry ID with '.xml' at the end
DLP-avistamento_1-9dd06.xml	new	Entry ID with '.xml' at the end
DLP-azul-russo_1-3152f.xml	new	Entry ID with '.xml' at the end
DLP-biblioterapeuta_1-5ac6b.xml	new	Entry ID with '.xml' at the end
DLP-fissionavel_1-4e26d.xml	new	Entry ID with '.xml' at the end
DLP-politico-economico_1-fd479.xml	validated	Entry ID with '.xml' at the end
DLP-chalante_1-12391.xml	validated	Entry ID with '.xml' at the end
DLP-nitrofurantoina_1-31897.xml	new	Entry ID with '.xml' at the end
DLP-orbitar_1-4c0bc.xml	new	Entry ID with '.xml' at the end
DLP-wrightia_1-ae121	new	empty <definition> in sense DLP-wrightia_1-ae121-1
DLP-termorregulacao_1-7e68a.xml	new	Entry ID with '.xml' at the end
DLP-dictionario_1-5b9b7	new	'[...]' <definition> in sense DLP-dictionario_1-5b9b7-1
DLP-pedopsicologia_1-9238f.xml	new	Entry ID with '.xml' at the end
DLP-anticovid_1-b222e.xml	validated	Entry ID with '.xml' at the end
DLP-lobo-iberico_1-e8b6d.xml	validated	Entry ID with '.xml' at the end
DLP-porta-pontas_1-22802.xml	new	Entry ID with '.xml' at the end
DLP-endotraqueal_1-2f4bf.xml	new	Entry ID with '.xml' at the end
DLP-cleveite_1-931ad.xml	new	Entry ID with '.xml' at the end
DLP-biogerontologista_1-330d5.xml	new	Entry ID with '.xml' at the end
DLP-visualizador_1-1412f.xml	new	Entry ID with '.xml' at the end
DLP-paper_1-7e3f6	new	'[...]' <definition> in sense DLP-paper_1-7e3f6-1
DLP-ministro-chefe_1-2ed4e.xml	new	Entry ID with '.xml' at the end
DLP-mm_1-b3cd9.xml	new	Entry ID with '.xml' at the end
DLP-subsistema_1-a6643.xml	new	Entry ID with '.xml' at the end
DLP-leonardesco_1-49fc4.xml	validated	Entry ID with '.xml' at the end
DLP-henoteismo_1-3ee13.xml	new	Entry ID with '.xml' at the end
DLP-transfronteirico_1-c3cdc.xml	new	Entry ID with '.xml' at the end
DLP-intraespecifico_1-5de1f.xml	new	Entry ID with '.xml' at the end
DLP-paleociencia_1-8eb2c.xml	new	Entry ID with '.xml' at the end
DLP-_1-d41d8	new	Empty <orth>
DLP-lobo-cinzento_1-d2687.xml	validated	Entry ID with '.xml' at the end
DLP-misturar_1-29539.xml	new	Entry ID with '.xml' at the end
DLP-expressavel_1-f41cf.xml	new	Entry ID with '.xml' at the end
DLP-inglesia_1-cfd47.xml	new	Entry ID with '.xml' at the end
DLP-atrebate_1-b292b.xml	new	Entry ID with '.xml' at the end
DLP-kolbia_1-e9c2f	new	empty <definition> in sense DLP-kolbia_1-e9c2f-1
DLP-herculaniano_1-f6b42.xml	validated	Entry ID with '.xml' at the end
DLP-uri_1-84473.xml	new	Entry ID with '.xml' at the end
DLP-keynesiano_1-d7863.xml	new	Entry ID with '.xml' at the end
DLP-surrealizante_1-1623f.xml	new	Entry ID with '.xml' at the end
DLP-xogunato_1-959e4.xml	new	Entry ID with '.xml' at the end
DLP-covidario_1-7de30.xml	new	Entry ID with '.xml' at the end
DLP-hachura_1-3bc05.xml	new	Entry ID with '.xml' at the end
DLP-rdf_1-07ad1.xml	validated	Entry ID with '.xml' at the end
DLP-contraparte_1-56ebc.xml	new	Entry ID with '.xml' at the end
DLP-tatami_1-37adb.xml	new	Entry ID with '.xml' at the end
DLP-cefalexina_1-5ce5f.xml	new	Entry ID with '.xml' at the end
DLP-alicercamento_1-d7a87.xml	validated	Entry ID with '.xml' at the end
DLP-sobrepressao_1-216b8.xml	new	Entry ID with '.xml' at the end
DLP-traqueite_1-99a71.xml	new	Entry ID with '.xml' at the end
DLP-korat_1-69bec.xml	edited	Entry ID with '.xml' at the end
DLP-stakeholder_1-51b6c	new	'[...]' <definition> in sense DLP-stakeholder_1-51b6c-1
DLP-saramaguiano_1-b4f1e.xml	validated	Entry ID with '.xml' at the end
DLP-cratao_1-30456.xml	new	Entry ID with '.xml' at the end
DLP-ordinariato_1-936e8	new	'[...]' <definition> in sense DLP-ordinariato_1-936e8-1
DLP-xacoto_1-df909	new	empty <definition> in sense DLP-xacoto_1-df909-1
DLP-remix_1-eaef8.xml	new	Entry ID with '.xml' at the end
DLP-inicializacao_1-c8f8a.xml	new	Entry ID with '.xml' at the end
DLP-sobreinfecao_1-e02ab.xml	new	Entry ID with '.xml' at the end
DLP-taliba_1-baad5.xml	new	Entry ID with '.xml' at the end
DLP-ventiloterapia_1-d126c.xml	validated	Entry ID with '.xml' at the end
DLP-sobreacumulacao_1-e7052.xml	new	Entry ID with '.xml' at the end
DLP-custarda_1-2d381.xml	validated	Entry ID with '.xml' at the end
DLP-cover_1-41d0e.xml	new	Entry ID with '.xml' at the end
DLP-wigandia_1-9686f	new	empty <definition> in sense DLP-wigandia_1-9686f-1
DLP-rosa-de-gueldres_1-5045a	new	'[...]' <definition> in sense DLP-rosa-de-gueldres_1-5045a-1
DLP-galhofento_1-d6b09	new	'[...]' <definition> in sense DLP-galhofento_1-d6b09-1
DLP-lobo-da-terra_1-c16e8.xml	validated	Entry ID with '.xml' at the end
DLP-wilbrandia_1-5eda5	new	empty <definition> in sense DLP-wilbrandia_1-5eda5-1
DLP-kabbfussia_1-e74c9	new	empty <definition> in sense DLP-kabbfussia_1-e74c9-1
DLP-dostoievskiano_2-07fcf	new	'[...]' <definition> in sense DLP-dostoievskiano_2-07fcf-1
DLP-post_1-42b90.xml	new	Entry ID with '.xml' at the end
DLP-tralho_1-97338.xml	validated	Entry ID with '.xml' at the end
DLP-guilhotinacao_1-ae9f4.xml	new	Entry ID with '.xml' at the end
DLP-psicoativo_1-9e067.xml	new	Entry ID with '.xml' at the end
DLP-lb_1-26403.xml	new	Entry ID with '.xml' at the end
DLP-cantarino_1-55167.xml	new	Entry ID with '.xml' at the end
DLP-estatizante_1-fb11c	new	empty <definition> in sense DLP-estatizante_1-fb11c-1
DLP-negatoscopio_1-71e4c.xml	new	Entry ID with '.xml' at the end
DLP-covid_1-979d5.xml	edited	Entry ID with '.xml' at the end
DLP-nanometro_1-a426f.xml	new	Entry ID with '.xml' at the end
DLP-somalilandes_1-37e01	new	'[...]' <definition> in sense DLP-somalilandes_1-37e01-1
DLP-lexicography_1-93ae0	new	'[...]' <definition> in sense DLP-lexicography_1-93ae0-1
DLP-polimedicacao_1-d6081.xml	new	Entry ID with '.xml' at the end
DLP-coping_1-482f6.xml	new	Entry ID with '.xml' at the end
DLP-flirtar_1-c8e50.xml	edited	Entry ID with '.xml' at the end
DLP-blastoides_1-1a336	new	'[...]' <definition> in sense DLP-blastoides_1-1a336-1
DLP-cao-selvagem-africano_1-ffabe.xml	new	Entry ID with '.xml' at the end
DLP-magnetosfera_1-d27c4.xml	new	Entry ID with '.xml' at the end
DLP-austeniano_1-18167.xml	validated	Entry ID with '.xml' at the end
DLP-paspan_1-69f5c	new	'[...]' <definition> in sense DLP-paspan_1-69f5c-1
DLP-financiador_1-8587c.xml	new	Entry ID with '.xml' at the end
DLP-tobaguiano_1-b3871	new	'[...]' <definition> in sense DLP-tobaguiano_1-b3871-1
DLP-pre-catastrofe_1-412f1.xml	new	Entry ID with '.xml' at the end
DLP-tokonoma_1-8315a.xml	new	Entry ID with '.xml' at the end
DLP-portao_1-3ce50.xml	new	Entry ID with '.xml' at the end
DLP-decanter_1-52030.xml	validated	Entry ID with '.xml' at the end
DLP-pedopsicologico_1-bf8c3.xml	new	Entry ID with '.xml' at the end
DLP-ngondo_1-68286	new	'[...]' <definition> in sense DLP-ngondo_1-68286-1
DLP-diciclo_1-e4a63	new	'[...]' <definition> in sense DLP-diciclo_1-e4a63-1
DLP-hipocalorico_1-148a1.xml	validated	Entry ID with '.xml' at the end
DLP-sergiano_1-6c8a3.xml	validated	Entry ID with '.xml' at the end
DLP-catadioptrico_1-0d130.xml	new	Entry ID with '.xml' at the end
DLP-lulista_1-0e5a8	new	'[...]' <definition> in sense DLP-lulista_1-0e5a8-1
DLP-asfaltite_1-f221f	new	'[...]' <definition> in sense DLP-asfaltite_1-f221f-1
DLP-colaborativo_1-4891f.xml	new	Entry ID with '.xml' at the end
DLP-porta-soro_1-3a0ea.xml	new	Entry ID with '.xml' at the end
DLP-nanovacina_1-f9a56.xml	new	Entry ID with '.xml' at the end
DLP-decantador_1-e675e.xml	validated	Entry ID with '.xml' at the end
DLP-multitrofico_1-859a1.xml	new	Entry ID with '.xml' at the end
DLP-democratizador_1-1788a.xml	new	Entry ID with '.xml' at the end
DLP-hegumeno_1-da9cd.xml	new	Entry ID with '.xml' at the end
DLP-gramatura_1-030c9.xml	validated	Entry ID with '.xml' at the end
DLP-desagastar_1-95b9e	new	'[...]' <definition> in sense DLP-desagastar_1-95b9e-1
DLP-abobada_1-bc269	new	'[...]' <definition> in sense DLP-abobada_1-bc269-1
DLP-lourenciano_1-b9b81.xml	validated	Entry ID with '.xml' at the end
DLP-contraexemplo_1-35caa.xml	new	Entry ID with '.xml' at the end
DLP-burmes_1-f356e.xml	validated	Entry ID with '.xml' at the end
DLP-pedopsicologo_1-0b9e9.xml	new	Entry ID with '.xml' at the end
DLP-a-be-ce_1-1f0fd	new	'[...]' <definition> in sense DLP-a-be-ce_1-1f0fd-1
DLP-philosophy_1-e5348	new	'[...]' <definition> in sense DLP-philosophy_1-e5348-1
DLP-bengal_1-8d02c.xml	validated	Entry ID with '.xml' at the end
DLP-criptoativo_1-5d5b5.xml	new	Entry ID with '.xml' at the end
DLP-palestino_1-31f7d.xml	new	Entry ID with '.xml' at the end
DLP-heteroparental_1-38c65.xml	validated	Entry ID with '.xml' at the end
DLP-milorde_1-7a95e.xml	new	Entry ID with '.xml' at the end
DLP-apateista_1-8c3eb.xml	new	Entry ID with '.xml' at the end
DLP-vitrinite_1-6dc9e	new	'[...]' <definition> in sense DLP-vitrinite_1-6dc9e-1
DLP-canario-da-terra_1-a4f5d	new	'[...]' <definition> in sense DLP-canario-da-terra_1-a4f5d-1
DLP-langue_1-092d7	new	'[...]' <definition> in sense DLP-langue_1-092d7-1
DLP-infodemiologia_1-28e72.xml	new	Entry ID with '.xml' at the end
DLP-sumerio_1-2ac33.xml	new	Entry ID with '.xml' at the end
DLP-floema_1-a1112	new	'[...]' <definition> in sense DLP-floema_1-a1112-1
DLP-paucissintomatico_1-10a8f.xml	new	Entry ID with '.xml' at the end
DLP-caca-sonhos_1-def5b.xml	new	Entry ID with '.xml' at the end
DLP-radiestesia_1-35725.xml	new	Entry ID with '.xml' at the end
DLP-enfermeiro-chefe_1-85c62.xml	new	Entry ID with '.xml' at the end
DLP-cornish_rex_1-e7198.xml	validated	Entry ID with '.xml' at the end
DLP-retabulistico_1-83236.xml	validated	Entry ID with '.xml' at the end
DLP-abispar_1-0e907	new	'[...]' <definition> in sense DLP-abispar_1-0e907-1
DLP-peidorreiro_1-054ef.xml	validated	Entry ID with '.xml' at the end
DLP-peloponense_1-3d3ac.xml	edited	Entry ID with '.xml' at the end
DLP-assintomatico_1-bd1c9.xml	new	Entry ID with '.xml' at the end
DLP-pelitico_1-96a30	new	'[...]' <definition> in sense DLP-pelitico_1-96a30-1
DLP-polimedicado_1-4f588.xml	new	Entry ID with '.xml' at the end
DLP-webbia_1-2c9e6	new	empty <definition> in sense DLP-webbia_1-2c9e6-1
DLP-canato_1-c8511.xml	new	Entry ID with '.xml' at the end
DLP-gramagem_1-27c9b.xml	validated	Entry ID with '.xml' at the end
DLP-superfecundacao_1-fb724.xml	new	Entry ID with '.xml' at the end
DLP-macla_1-b10f0	new	'[...]' <definition> in sense DLP-macla_1-b10f0-1
DLP-espetroscopico_1-331e5.xml	new	Entry ID with '.xml' at the end
DLP-abardinar_1-0afb3.xml	new	Entry ID with '.xml' at the end
DLP-accipitrideos_1-edfd1	new	'[...]' <definition> in sense DLP-accipitrideos_1-edfd1-1
DLP-licaone_1-2c5c7.xml	new	Entry ID with '.xml' at the end
DLP-titanossauro_1-8de87.xml	new	Entry ID with '.xml' at the end
DLP-regiano_1-0e903.xml	validated	Entry ID with '.xml' at the end
DLP-reativacao_1-a0603.xml	new	Entry ID with '.xml' at the end
DLP-lipograma_1-e42b2.xml	new	Entry ID with '.xml' at the end
DLP-espanta-espiritos_1-ecd90.xml	validated	Entry ID with '.xml' at the end
DLP-videojogador_1-1dfc0.xml	new	Entry ID with '.xml' at the end
DLP-acondroplasia_1-13436	new	'[...]' <definition> in sense DLP-acondroplasia_1-13436-1
DLP-antecipador_1-b1b61.xml	new	Entry ID with '.xml' at the end
DLP-covidiano_1-78de5.xml	new	Entry ID with '.xml' at the end
DLP-cao-cacador-africano_1-43b54.xml	new	Entry ID with '.xml' at the end
DLP-incorrencia_1-a08d7.xml	new	Entry ID with '.xml' at the end
DLP-pangrama_1-9edf7.xml	new	Entry ID with '.xml' at the end
DLP-intubacao_1-69390.xml	new	Entry ID with '.xml' at the end
DLP-piramidismo_1-b88d4	new	'[...]' <definition> in sense DLP-piramidismo_1-b88d4-1
DLP-adscrito2_1-7320b	new	'[...]' <definition> in sense DLP-adscrito2_1-7320b-1
DLP-lobo-guara_1-cd4d5.xml	validated	Entry ID with '.xml' at the end
DLP-dexametasona_1-0722b.xml	new	Entry ID with '.xml' at the end
DLP-burmilla_1-6ac3a.xml	new	Entry ID with '.xml' at the end
DLP-pisoteamento_1-67007.xml	validated	Entry ID with '.xml' at the end
DLP-desencuba_1-7785c.xml	new	Entry ID with '.xml' at the end
DLP-sphynx_1-6c18f.xml	new	Entry ID with '.xml' at the end
DLP-kerria_1-d9dc5	new	empty <definition> in sense DLP-kerria_1-d9dc5-1
DLP-secularismo_1-0d30c.xml	new	Entry ID with '.xml' at the end
DLP-lulismo_1-bad89	new	'[...]' <definition> in sense DLP-lulismo_1-bad89-1
DLP-cache_1-0fea6.xml	new	Entry ID with '.xml' at the end
DLP-supradialetal_1-1b656	new	'[...]' <definition> in sense DLP-supradialetal_1-1b656-1
DLP-homem-bomba_1-6af0c.xml	new	Entry ID with '.xml' at the end
DLP-movie_1-aed34	new	'[...]' <definition> in sense DLP-movie_1-aed34-1
DLP-bicamaral_1-3bbd9.xml	new	Entry ID with '.xml' at the end
DLP-zacum_1-35686	new	empty <definition> in sense DLP-zacum_1-35686-1
DLP-florbeliano_1-bd45d.xml	validated	Entry ID with '.xml' at the end
DLP-meme_1-9c2f9.xml	new	Entry ID with '.xml' at the end
DLP-walfkeria_1-f81ad	new	empty <definition> in sense DLP-walfkeria_1-f81ad-1
DLP-trinta-e-um_1-834e3	new	'[...]' <definition> in sense DLP-trinta-e-um_1-834e3-1
DLP-personalizavel_1-2bd40.xml	new	Entry ID with '.xml' at the end
DLP-apateismo_1-b0b09.xml	new	Entry ID with '.xml' at the end
DLP-kunthia_1-a71ba	new	empty <definition> in sense DLP-kunthia_1-a71ba-1
DLP-biblioterapia_1-50f07.xml	validated	Entry ID with '.xml' at the end
DLP-chadico_1-3034a.xml	new	Entry ID with '.xml' at the end
DLP-nemesiano_1-cb7a2.xml	new	Entry ID with '.xml' at the end
DLP-assossego_1-639c8	new	'[...]' <definition> in sense DLP-assossego_1-639c8-1
DLP-neocolonia_1-6a4e7.xml	validated	Entry ID with '.xml' at the end
DLP-mabeco_1-da28e.xml	validated	Entry ID with '.xml' at the end
DLP-intramontano_1-4778a.xml	validated	Entry ID with '.xml' at the end
DLP-km_1-9b05d.xml	new	Entry ID with '.xml' at the end
DLP-fotomaniaco_1-e1d64	new	'[...]' <definition> in sense DLP-fotomaniaco_1-e1d64-1
DLP-involuir_1-12e6e.xml	new	Entry ID with '.xml' at the end
DLP-sino-turco_1-014e8.xml	validated	Entry ID with '.xml' at the end
DLP-wi-fi_1-c084d.xml	new	Entry ID with '.xml' at the end
DLP-coronavirologia_1-56668.xml	validated	Entry ID with '.xml' at the end
DLP-amiloplasto_1-d7e17	new	'[...]' <definition> in sense DLP-amiloplasto_1-d7e17-1
DLP-artesiano_1-9401f	edited	<sense> without xml_id
DLP-camarao-purpura_1-65424.xml	new	Entry ID with '.xml' at the end
DLP-autocomunicacao_1-fbcfc	new	'[...]' <definition> in sense DLP-autocomunicacao_1-fbcfc-1
DLP-biogeoquimico_1-ca660.xml	new	Entry ID with '.xml' at the end
DLP-plenaria_1-af049.xml	new	Entry ID with '.xml' at the end
DLP-transducao_1-2a6b7.xml	new	Entry ID with '.xml' at the end
DLP-sorveira-brava_1-07492.xml	new	Entry ID with '.xml' at the end
DLP-transtemporal_1-9d851	new	'[...]' <definition> in sense DLP-transtemporal_1-9d851-1
DLP-hamiltoniano_1-032c4.xml	new	Entry ID with '.xml' at the end
DLP-tirosina_1-fd5d8.xml	new	Entry ID with '.xml' at the end
DLP-test_1-098f6	new	'[...]' <definition> in sense DLP-test_1-098f6-1
DLP-endotoxina_1-9362f.xml	new	Entry ID with '.xml' at the end
DLP-siltito_1-3a076	new	'[...]' <definition> in sense DLP-siltito_1-3a076-1
DLP-bloguista_1-8099d.xml	new	Entry ID with '.xml' at the end
DLP-casa_2_1-a2a5e	new	'[...]' <definition> in sense DLP-casa_2_1-a2a5e-1
DLP-policlonal_1-a81df.xml	new	Entry ID with '.xml' at the end
DLP-viralizar_1-c7d17.xml	edited	Entry ID with '.xml' at the end
DLP-ultramarinista_1-97f50	new	'[...]' <definition> in sense DLP-ultramarinista_1-97f50-1
DLP-cosmista_1-77f6d	new	'[...]' <definition> in sense DLP-cosmista_1-77f6d-1
DLP-biodiesel_1-8f25c.xml	new	Entry ID with '.xml' at the end
DLP-bidimensional_1-77c0c.xml	new	Entry ID with '.xml' at the end
DLP-hipercalorico_1-4ff85.xml	validated	Entry ID with '.xml' at the end
DLP-autapomorfia_1-e94dc.xml	new	Entry ID with '.xml' at the end
DLP-sangue-de-boi_1-21415.xml	validated	Entry ID with '.xml' at the end
DLP-devon_rex_1-7be40.xml	new	Entry ID with '.xml' at the end
DLP-lixo1_1-9dff3	new	'[...]' <definition> in sense DLP-lixo1_1-9dff3-1
DLP-incumbente_1-d7df7.xml	new	Entry ID with '.xml' at the end
DLP-neurodegeneracao_1-e9dcb.xml	new	Entry ID with '.xml' at the end
DLP-cairologia_1-6a13a	new	'[...]' <definition> in sense DLP-cairologia_1-6a13a-1
DLP-subsariano_1-2722e.xml	new	Entry ID with '.xml' at the end
DLP-desaceleramento_1-ece5f.xml	reviewed	Entry ID with '.xml' at the end
DLP-cerato-_1-793cc	new	'[...]' <definition> in sense DLP-cerato-_1-793cc-1
DLP-blogue_1-578f9.xml	new	Entry ID with '.xml' at the end
DLP-garretiano_1-e66f3.xml	validated	Entry ID with '.xml' at the end
DLP-pranchamento_1-21034	new	'[...]' <definition> in sense DLP-pranchamento_1-21034-1
DLP-arraso_1-324a1.xml	validated	Entry ID with '.xml' at the end
DLP-albertina_1-eec66	new	'[...]' <definition> in sense DLP-albertina_1-eec66-1
DLP-martiniano_1-c91d6.xml	validated	Entry ID with '.xml' at the end
DLP-advogacia_1-0c8dc	new	'[...]' <definition> in sense DLP-advogacia_1-0c8dc-1
DLP-woodwardia_1-583ab	new	empty <definition> in sense DLP-woodwardia_1-583ab-1
DLP-fialhiano_1-d3746.xml	new	Entry ID with '.xml' at the end
DLP-luteo_1-b7824.xml	new	Entry ID with '.xml' at the end
DLP-enquadrante_1-dc2da.xml	new	Entry ID with '.xml' at the end
DLP-zabele_1-3baf7	new	empty <definition> in sense DLP-zabele_1-3baf7-1
DLP-grafo_1-95007.xml	new	Entry ID with '.xml' at the end
DLP-lobolar_1-b7b40.xml	validated	Entry ID with '.xml' at the end
DLP-albendazol_1-8253e.xml	new	Entry ID with '.xml' at the end
DLP-burgundio_1-2cb4c.xml	new	Entry ID with '.xml' at the end
DLP-lobo-siberiano_1-ba303.xml	validated	Entry ID with '.xml' at the end
DLP-arqueano_1-a0d52.xml	new	Entry ID with '.xml' at the end
DLP-geomorfia_1-1fc0f	new	'[...]' <definition> in sense DLP-geomorfia_1-1fc0f-1
DLP-covidico_1-5a708.xml	new	Entry ID with '.xml' at the end
DLP-segundo-cavalheiro_1-6197f.xml	new	Entry ID with '.xml' at the end
DLP-especiacao_1-7138c.xml	new	Entry ID with '.xml' at the end
DLP-opcionalmente_1-9e1ea.xml	new	Entry ID with '.xml' at the end
DLP-socar-se_1-aff25	edited	<sense> without xml_id
DLP-siririca_1-3fddf	new	unknown <usg> of type 'socioCultural': ...
DLP-chapeu-palheta_1-d95a3	new	'[...]' <definition> in sense DLP-chapeu-palheta_1-d95a3-1
DLP-desanelar_1-e97ab	new	'[...]' <definition> in sense DLP-desanelar_1-e97ab-1
DLP-biogerontologico_1-a71fd.xml	validated	Entry ID with '.xml' at the end
DLP-morituro_1-e6401.xml	validated	Entry ID with '.xml' at the end
DLP-minoico_1-88f5a.xml	new	Entry ID with '.xml' at the end
DLP-lucreciana_1-72363	new	'[...]' <definition> in sense DLP-lucreciana_1-72363-1
DLP-american_shorthair_1-92bb2.xml	new	Entry ID with '.xml' at the end
DLP-petauro-do-acucar_1-92daf.xml	new	Entry ID with '.xml' at the end
DLP-neurodegenerativo_1-4d1a6.xml	new	Entry ID with '.xml' at the end
DLP-escalabilidade_1-1a420.xml	new	Entry ID with '.xml' at the end
DLP-redoliano_1-11c6e.xml	needs revision	Entry ID with '.xml' at the end
DLP-viconiano_1-f078e.xml	new	Entry ID with '.xml' at the end
DLP-alocacao_1-12989.xml	new	Entry ID with '.xml' at the end
DLP-anteriano_1-c4adb.xml	validated	Entry ID with '.xml' at the end
DLP-kennedia_1-d5f8d	new	empty <definition> in sense DLP-kennedia_1-d5f8d-1
DLP-vermelho-sangue_1-7e8cc.xml	new	Entry ID with '.xml' at the end
DLP-pelecaniforme_1-d1641	new	'[...]' <definition> in sense DLP-pelecaniforme_1-d1641-1
DLP-serotipo_1-76a64.xml	new	Entry ID with '.xml' at the end
DLP-kg_1-ebe86.xml	new	Entry ID with '.xml' at the end
DLP-diafa_1-01d88	imported	unknown <usg> of type 'geographic': Region. (Alent., Alg.).
DLP-flanqueamento_1-d4db4.xml	new	Entry ID with '.xml' at the end
DLP-kepleria_1-c4085	new	empty <definition> in sense DLP-kepleria_1-c4085-1
DLP-biogerontologo_1-088cf.xml	new	Entry ID with '.xml' at the end
DLP-estrangeirizacao_1-172f6	new	'[...]' <definition> in sense DLP-estrangeirizacao_1-172f6-1
DLP-mg_1-b351b.xml	new	Entry ID with '.xml' at the end
DLP-editavel_1-db520.xml	new	Entry ID with '.xml' at the end
DLP-lobo-da-tasmania_1-fc722.xml	validated	Entry ID with '.xml' at the end
DLP-gato-de-bengala_1-d75e5.xml	validated	Entry ID with '.xml' at the end
DLP-website_1-d1bef.xml	new	Entry ID with '.xml' at the end
DLP-transjordano2_1-b89d9	new	'[...]' <definition> in sense DLP-transjordano2_1-b89d9-1
DLP-british_shorthair_1-00e54.xml	validated	Entry ID with '.xml' at the end
DLP-epinefrina_1-4f736.xml	new	Entry ID with '.xml' at the end
DLP-accipitrideo_1-fe3e4	new	'[...]' <definition> in sense DLP-accipitrideo_1-fe3e4-1
DLP-acorda_1-db00f	imported	unknown <usg> of type 'geographic': Region. (Alent., Alg.).
DLP-wiedmannia_1-45185	new	empty <definition> in sense DLP-wiedmannia_1-45185-1
DLP-infetavel_1-8427a.xml	validated	Entry ID with '.xml' at the end
DLP-anime_1-9edce.xml	new	Entry ID with '.xml' at the end
DLP-papilite_1-e8dbc.xml	validated	Entry ID with '.xml' at the end
DLP-disseminavel_1-94f03.xml	validated	Entry ID with '.xml' at the end
DLP-astrofotografico_1-1e56c.xml	new	Entry ID with '.xml' at the end
DLP-subcoberta_1-3874c.xml	validated	Entry ID with '.xml' at the end
DLP-infodemia_1-157dd.xml	new	Entry ID with '.xml' at the end
DLP-tralho2_1-c64d5.xml	validated	Entry ID with '.xml' at the end
