lemma	posQid	pos	wikidata_id
-inho	Q102047	suffix	http://www.wikidata.org/entity/L995082
para	Q4833830	preposition	http://www.wikidata.org/entity/L618867
sobre	Q4833830	preposition	http://www.wikidata.org/entity/L502636
como	Q4833830	preposition	http://www.wikidata.org/entity/L502867
como	Q36224	pronoun	http://www.wikidata.org/entity/L502868
em	Q4833830	preposition	http://www.wikidata.org/entity/L477314
com	Q4833830	preposition	http://www.wikidata.org/entity/L477316
a	Q4833830	preposition	http://www.wikidata.org/entity/L490717
a	Q9788	letter	http://www.wikidata.org/entity/L47015
ele	Q468801	personal pronoun	http://www.wikidata.org/entity/L488745
até	Q4833830	preposition	http://www.wikidata.org/entity/L1017458
após	Q4833830	preposition	http://www.wikidata.org/entity/L501786
São Paulo	Q147276	proper noun	http://www.wikidata.org/entity/L184915
Europa	Q147276	proper noun	http://www.wikidata.org/entity/L671130
mas	Q36484	conjunction	http://www.wikidata.org/entity/L524070
ela	Q468801	personal pronoun	http://www.wikidata.org/entity/L43388
então	Q83034	interjection	http://www.wikidata.org/entity/L674370
então	Q36484	conjunction	http://www.wikidata.org/entity/L674371
desde	Q4833830	preposition	http://www.wikidata.org/entity/L676264
oxente	Q83034	interjection	http://www.wikidata.org/entity/L900666
-ista	Q102047	suffix	http://www.wikidata.org/entity/L989904
quem	Q36224	pronoun	http://www.wikidata.org/entity/L1490453
ou	Q36484	conjunction	http://www.wikidata.org/entity/L490719
lua de mel	Q1401131	noun phrase	http://www.wikidata.org/entity/L1119840
pé de atleta	Q1401131	noun phrase	http://www.wikidata.org/entity/L1120478
pé de chinelo	Q1401131	noun phrase	http://www.wikidata.org/entity/L1120481
pé de moleque	Q1401131	noun phrase	http://www.wikidata.org/entity/L1120484
do	Q126473	contraction	http://www.wikidata.org/entity/L476131
você	Q468801	personal pronoun	http://www.wikidata.org/entity/L500873
latino-americano	Q357760	adjectival locution	http://www.wikidata.org/entity/L1121685
latino-americano	Q1401131	noun phrase	http://www.wikidata.org/entity/L1121686
português	Q147276	proper noun	http://www.wikidata.org/entity/L448029
merda	Q83034	interjection	http://www.wikidata.org/entity/L991458
China	Q147276	proper noun	http://www.wikidata.org/entity/L680182
qualquer	Q36224	pronoun	http://www.wikidata.org/entity/L502640
este	Q36224	pronoun	http://www.wikidata.org/entity/L503957
isto	Q36224	pronoun	http://www.wikidata.org/entity/L503958
esse	Q36224	pronoun	http://www.wikidata.org/entity/L503959
isso	Q36224	pronoun	http://www.wikidata.org/entity/L503960
e	Q9788	letter	http://www.wikidata.org/entity/L47021
e	Q36484	conjunction	http://www.wikidata.org/entity/L618640
Júnior	Q1964223	name suffix	http://www.wikidata.org/entity/L301953
Neto	Q1964223	name suffix	http://www.wikidata.org/entity/L409524
contra	Q4833830	preposition	http://www.wikidata.org/entity/L676261
enquanto	Q36484	conjunction	http://www.wikidata.org/entity/L676267
qual	Q36224	pronoun	http://www.wikidata.org/entity/L676568
Maria	Q147276	proper noun	http://www.wikidata.org/entity/L901364
ai	Q83034	interjection	http://www.wikidata.org/entity/L908661
-fobia	Q102047	suffix	http://www.wikidata.org/entity/L995076
João	Q147276	proper noun	http://www.wikidata.org/entity/L1472953
ab absurdo	Q5978303	adverbial locution	http://www.wikidata.org/entity/L1490851
Castela	Q147276	proper noun	http://www.wikidata.org/entity/L1548842
sem	Q4833830	preposition	http://www.wikidata.org/entity/L676265
eu	Q468801	personal pronoun	http://www.wikidata.org/entity/L491661
outro	Q36224	pronoun	http://www.wikidata.org/entity/L669660
olho mágico	Q1401131	noun phrase	http://www.wikidata.org/entity/L1119794
pé de cabra	Q1401131	noun phrase	http://www.wikidata.org/entity/L1120480
pé de pato	Q1401131	noun phrase	http://www.wikidata.org/entity/L1120487
cê	Q36224	pronoun	http://www.wikidata.org/entity/L1073013
mesmo	Q34698	adjective	http://www.wikidata.org/entity/L646311
um	Q3813849	indefinite article	http://www.wikidata.org/entity/L46853
um	Q63116	numeral	http://www.wikidata.org/entity/L44970
dois	Q63116	numeral	http://www.wikidata.org/entity/L46867
no	Q126473	contraction	http://www.wikidata.org/entity/L477315
seu	Q36224	pronoun	http://www.wikidata.org/entity/L480996
todo	Q576271	determiner	http://www.wikidata.org/entity/L1118974
o	Q2865743	definite article	http://www.wikidata.org/entity/L2782
o	Q9788	letter	http://www.wikidata.org/entity/L47031
ave	Q83034	interjection	http://www.wikidata.org/entity/L983896
ave	Q83034	interjection	http://www.wikidata.org/entity/L983904
simulado	Q1084	noun	http://www.wikidata.org/entity/L449050
quando	Q36484	conjunction	http://www.wikidata.org/entity/L663725
quando	Q36224	pronoun	http://www.wikidata.org/entity/L663729
primeiro	Q63116	numeral	http://www.wikidata.org/entity/L670817
vossemecê	Q36224	pronoun	http://www.wikidata.org/entity/L1141751
sino-	Q134830	prefix	http://www.wikidata.org/entity/L1221607
Japão	Q147276	proper noun	http://www.wikidata.org/entity/L1409203
-ção	Q102047	suffix	http://www.wikidata.org/entity/L19636
que	Q36484	conjunction	http://www.wikidata.org/entity/L647640
adeus	Q83034	interjection	http://www.wikidata.org/entity/L1417720
Guiné	Q147276	proper noun	http://www.wikidata.org/entity/L1460131
olá	Q83034	interjection	http://www.wikidata.org/entity/L15889
aquele	Q36224	pronoun	http://www.wikidata.org/entity/L503961
aquilo	Q36224	pronoun	http://www.wikidata.org/entity/L503963
pelo	Q126473	contraction	http://www.wikidata.org/entity/L501792
porque	Q36484	conjunction	http://www.wikidata.org/entity/L678116
bicho de sete cabeças	Q1401131	noun phrase	http://www.wikidata.org/entity/L700216
açorenho	Q147276	proper noun	http://www.wikidata.org/entity/L732990
açorense	Q147276	proper noun	http://www.wikidata.org/entity/L732991
neozelandês	Q147276	proper noun	http://www.wikidata.org/entity/L733006
sul-africano	Q147276	proper noun	http://www.wikidata.org/entity/L733014
açoriano	Q147276	proper noun	http://www.wikidata.org/entity/L733485
parisiense	Q147276	proper noun	http://www.wikidata.org/entity/L733490
três	Q63116	numeral	http://www.wikidata.org/entity/L46868
quatro	Q63116	numeral	http://www.wikidata.org/entity/L46869
cinco	Q63116	numeral	http://www.wikidata.org/entity/L46870
seis	Q63116	numeral	http://www.wikidata.org/entity/L46871
sete	Q63116	numeral	http://www.wikidata.org/entity/L46872
oito	Q63116	numeral	http://www.wikidata.org/entity/L46873
nove	Q63116	numeral	http://www.wikidata.org/entity/L46874
dez	Q63116	numeral	http://www.wikidata.org/entity/L46875
b	Q9788	letter	http://www.wikidata.org/entity/L47017
c	Q9788	letter	http://www.wikidata.org/entity/L47019
d	Q9788	letter	http://www.wikidata.org/entity/L47020
f	Q9788	letter	http://www.wikidata.org/entity/L47022
g	Q9788	letter	http://www.wikidata.org/entity/L47023
h	Q9788	letter	http://www.wikidata.org/entity/L47024
i	Q9788	letter	http://www.wikidata.org/entity/L47025
j	Q9788	letter	http://www.wikidata.org/entity/L47026
k	Q9788	letter	http://www.wikidata.org/entity/L47027
l	Q9788	letter	http://www.wikidata.org/entity/L47028
m	Q9788	letter	http://www.wikidata.org/entity/L47029
n	Q9788	letter	http://www.wikidata.org/entity/L47030
p	Q9788	letter	http://www.wikidata.org/entity/L47032
q	Q9788	letter	http://www.wikidata.org/entity/L47033
r	Q9788	letter	http://www.wikidata.org/entity/L47034
s	Q9788	letter	http://www.wikidata.org/entity/L47035
t	Q9788	letter	http://www.wikidata.org/entity/L47036
u	Q9788	letter	http://www.wikidata.org/entity/L47037
v	Q9788	letter	http://www.wikidata.org/entity/L47038
w	Q9788	letter	http://www.wikidata.org/entity/L47039
x	Q9788	letter	http://www.wikidata.org/entity/L47040
y	Q9788	letter	http://www.wikidata.org/entity/L47041
z	Q9788	letter	http://www.wikidata.org/entity/L47042
nesse	Q126473	contraction	http://www.wikidata.org/entity/L523185
disto	Q126473	contraction	http://www.wikidata.org/entity/L524071
disso	Q126473	contraction	http://www.wikidata.org/entity/L524072
pré-	Q134830	prefix	http://www.wikidata.org/entity/L524646
Brasil	Q147276	proper noun	http://www.wikidata.org/entity/L229779
Filho	Q1964223	name suffix	http://www.wikidata.org/entity/L302733
muito	Q36224	pronoun	http://www.wikidata.org/entity/L674368
pois	Q36484	conjunction	http://www.wikidata.org/entity/L676570
num	Q126473	contraction	http://www.wikidata.org/entity/L677373
Camboja	Q147276	proper noun	http://www.wikidata.org/entity/L749443
ó	Q83034	interjection	http://www.wikidata.org/entity/L900094
ó	Q83034	interjection	http://www.wikidata.org/entity/L900242
gente	Q83034	interjection	http://www.wikidata.org/entity/L900340
et al.	Q3062294	Latin phrase	http://www.wikidata.org/entity/L942478
-ável	Q102047	suffix	http://www.wikidata.org/entity/L995058
amigo da onça	Q184511	idiom	http://www.wikidata.org/entity/L618584
cara de pau	Q184511	idiom	http://www.wikidata.org/entity/L618586
boca de siri	Q184511	idiom	http://www.wikidata.org/entity/L618865
bode expiatório	Q184511	idiom	http://www.wikidata.org/entity/L619087
seriado	Q1084	noun	http://www.wikidata.org/entity/L447891
Lisboa	Q147276	proper noun	http://www.wikidata.org/entity/L1506136
França	Q147276	proper noun	http://www.wikidata.org/entity/L1531199
cada	Q36224	pronoun	http://www.wikidata.org/entity/L646316
meu	Q36224	pronoun	http://www.wikidata.org/entity/L480984
teu	Q36224	pronoun	http://www.wikidata.org/entity/L480992
-ico	Q102047	suffix	http://www.wikidata.org/entity/L995106
-mente	Q102047	suffix	http://www.wikidata.org/entity/L490526
tu	Q468801	personal pronoun	http://www.wikidata.org/entity/L491664
algum	Q36224	pronoun	http://www.wikidata.org/entity/L492444
onde	Q36224	pronoun	http://www.wikidata.org/entity/L669652
onde	Q36484	conjunction	http://www.wikidata.org/entity/L669650
por	Q4833830	preposition	http://www.wikidata.org/entity/L501796
de	Q4833830	preposition	http://www.wikidata.org/entity/L409099
energético	Q1084	noun	http://www.wikidata.org/entity/L448632
recebido	Q1084	noun	http://www.wikidata.org/entity/L500952
dentre	Q126473	contraction	http://www.wikidata.org/entity/L501799
àquilo	Q126473	contraction	http://www.wikidata.org/entity/L503964
àquele	Q126473	contraction	http://www.wikidata.org/entity/L503965
neste	Q126473	contraction	http://www.wikidata.org/entity/L523183
nisto	Q126473	contraction	http://www.wikidata.org/entity/L523184
nisso	Q126473	contraction	http://www.wikidata.org/entity/L523186
naquele	Q126473	contraction	http://www.wikidata.org/entity/L523187
naquilo	Q126473	contraction	http://www.wikidata.org/entity/L523188
daquilo	Q126473	contraction	http://www.wikidata.org/entity/L524073
deste	Q126473	contraction	http://www.wikidata.org/entity/L524074
desse	Q126473	contraction	http://www.wikidata.org/entity/L524075
daquele	Q126473	contraction	http://www.wikidata.org/entity/L524076
-il	Q102047	suffix	http://www.wikidata.org/entity/L229800
patrono	Q34698	adjective	http://www.wikidata.org/entity/L474630
dum	Q126473	contraction	http://www.wikidata.org/entity/L476218
se	Q36484	conjunction	http://www.wikidata.org/entity/L646319
ao	Q126473	contraction	http://www.wikidata.org/entity/L490718
durante	Q4833830	preposition	http://www.wikidata.org/entity/L669655
